<environmentvariabledefinition schemaname="dyn_shared_sharepointonline_7e08a115b5514ea494104b50cd1f556a">
  <apiid>/providers/microsoft.powerapps/apis/shared_sharepointonline</apiid>
  <displayname default="BD200_LOCAISMOTOBOY">
    <label description="BD200_LOCAISMOTOBOY" languagecode="1046" />
  </displayname>
  <introducedversion>1.0.0.0</introducedversion>
  <iscustomizable>1</iscustomizable>
  <isrequired>0</isrequired>
  <parameterkey>table</parameterkey>
  <parentdefinitionid>
    <schemaname>dyn_sharepoint</schemaname>
  </parentdefinitionid>
  <type>100000004</type>
</environmentvariabledefinition>