{
  "properties": {
    "connectionReferences": {
      "shared_sharepointonline": {
        "runtimeSource": "embedded",
        "connection": {},
        "api": {
          "name": "shared_sharepointonline"
        }
      },
      "shared_office365_1": {
        "runtimeSource": "embedded",
        "connection": {},
        "api": {
          "name": "shared_office365"
        }
      }
    },
    "definition": {
      "$schema": "https://schema.management.azure.com/providers/Microsoft.Logic/schemas/2016-06-01/workflowdefinition.json#",
      "contentVersion": "1.0.0.0",
      "parameters": {
        "$connections": {
          "defaultValue": {},
          "type": "Object"
        },
        "$authentication": {
          "defaultValue": {},
          "type": "SecureObject"
        }
      },
      "triggers": {
        "Quando_um_novo_email_chega_em_uma_caixa_de_correio_compartilhada_(V2)": {
          "recurrence": {
            "frequency": "Minute",
            "interval": 1
          },
          "splitOn": "@triggerOutputs()?['body/value']",
          "type": "OpenApiConnection",
          "inputs": {
            "host": {
              "apiId": "/providers/Microsoft.PowerApps/apis/shared_office365",
              "connectionName": "shared_office365_1",
              "operationId": "SharedMailboxOnNewEmailV2"
            },
            "parameters": {
              "mailboxAddress": "teste.caixadecorreio@dynamicpoa.com;",
              "folderId": "Inbox",
              "importance": "Any",
              "hasAttachments": false,
              "includeAttachments": false
            },
            "authentication": "@parameters('$authentication')"
          }
        }
      },
      "actions": {
        "Criar_item": {
          "runAfter": {},
          "type": "OpenApiConnection",
          "inputs": {
            "host": {
              "apiId": "/providers/Microsoft.PowerApps/apis/shared_sharepointonline",
              "connectionName": "shared_sharepointonline",
              "operationId": "PostItem"
            },
            "parameters": {
              "dataset": "https://dynamicpoa.sharepoint.com/sites/159-PHD",
              "table": "1dadc851-3262-4e4b-8e3c-db33204ab84a",
              "item/nome_remetente": "@triggerOutputs()?['body/from']",
              "item/texto_email": "@triggerOutputs()?['body/body']",
              "item/assunto": "@triggerOutputs()?['body/subject']",
              "item/status/Value": "Aguardando",
              "item/id_email": "@triggerOutputs()?['body/id']"
            },
            "authentication": "@parameters('$authentication')"
          }
        },
        "Criar_item_2": {
          "runAfter": {
            "Criar_item": [
              "Succeeded"
            ]
          },
          "type": "OpenApiConnection",
          "inputs": {
            "host": {
              "apiId": "/providers/Microsoft.PowerApps/apis/shared_sharepointonline",
              "connectionName": "shared_sharepointonline",
              "operationId": "PostItem"
            },
            "parameters": {
              "dataset": "https://dynamicpoa.sharepoint.com/sites/Desenvolvedores",
              "table": "64e973a8-bad7-415f-9e66-88959fdc6661",
              "item/nome_remetente": "@triggerOutputs()?['body/from']",
              "item/texto_email": "@triggerOutputs()?['body/body']",
              "item/assunto": "@triggerOutputs()?['body/subject']",
              "item/status/Value": "Aguardando",
              "item/id_email": "@triggerOutputs()?['body/id']"
            },
            "authentication": "@parameters('$authentication')"
          }
        }
      },
      "outputs": {}
    },
    "templateName": null
  },
  "schemaVersion": "1.0.0.0"
}