<ImportExportXml version="9.2.22103.172" SolutionPackageVersion="9.2" languagecode="1046" generatedBy="CrmLive" xmlns:xsi="http://www.w3.org/2001/XMLSchema-instance">
  <SolutionManifest>
    <UniqueName>SOL200_LIFE</UniqueName>
    <LocalizedNames>
      <LocalizedName description="SOL200_LIFE" languagecode="1046" />
    </LocalizedNames>
    <Descriptions />
    <Version>1.0.0.2</Version>
    <Managed>1</Managed>
    <Publisher>
      <UniqueName>dynamicpoa</UniqueName>
      <LocalizedNames>
        <LocalizedName description="Dynamic Soluções" languagecode="1046" />
      </LocalizedNames>
      <Descriptions />
      <EMailAddress>contato@dynamicpoa.com</EMailAddress>
      <SupportingWebsiteUrl>www.dynamicpoa.com</SupportingWebsiteUrl>
      <CustomizationPrefix>dyn</CustomizationPrefix>
      <CustomizationOptionValuePrefix>10000</CustomizationOptionValuePrefix>
      <Addresses>
        <Address>
          <AddressNumber>1</AddressNumber>
          <AddressTypeCode>1</AddressTypeCode>
          <City>Porto Alegre</City>
          <County xsi:nil="true"></County>
          <Country>Brasil</Country>
          <Fax xsi:nil="true"></Fax>
          <FreightTermsCode xsi:nil="true"></FreightTermsCode>
          <ImportSequenceNumber xsi:nil="true"></ImportSequenceNumber>
          <Latitude xsi:nil="true"></Latitude>
          <Line1 xsi:nil="true"></Line1>
          <Line2 xsi:nil="true"></Line2>
          <Line3 xsi:nil="true"></Line3>
          <Longitude xsi:nil="true"></Longitude>
          <Name xsi:nil="true"></Name>
          <PostalCode xsi:nil="true"></PostalCode>
          <PostOfficeBox xsi:nil="true"></PostOfficeBox>
          <PrimaryContactName xsi:nil="true"></PrimaryContactName>
          <ShippingMethodCode>1</ShippingMethodCode>
          <StateOrProvince>Rio Grande do Sul</StateOrProvince>
          <Telephone1>+55 (51) 99693-6418</Telephone1>
          <Telephone2 xsi:nil="true"></Telephone2>
          <Telephone3 xsi:nil="true"></Telephone3>
          <TimeZoneRuleVersionNumber xsi:nil="true"></TimeZoneRuleVersionNumber>
          <UPSZone xsi:nil="true"></UPSZone>
          <UTCOffset xsi:nil="true"></UTCOffset>
          <UTCConversionTimeZoneCode xsi:nil="true"></UTCConversionTimeZoneCode>
        </Address>
        <Address>
          <AddressNumber>2</AddressNumber>
          <AddressTypeCode>1</AddressTypeCode>
          <City xsi:nil="true"></City>
          <County xsi:nil="true"></County>
          <Country xsi:nil="true"></Country>
          <Fax xsi:nil="true"></Fax>
          <FreightTermsCode xsi:nil="true"></FreightTermsCode>
          <ImportSequenceNumber xsi:nil="true"></ImportSequenceNumber>
          <Latitude xsi:nil="true"></Latitude>
          <Line1 xsi:nil="true"></Line1>
          <Line2 xsi:nil="true"></Line2>
          <Line3 xsi:nil="true"></Line3>
          <Longitude xsi:nil="true"></Longitude>
          <Name xsi:nil="true"></Name>
          <PostalCode xsi:nil="true"></PostalCode>
          <PostOfficeBox xsi:nil="true"></PostOfficeBox>
          <PrimaryContactName xsi:nil="true"></PrimaryContactName>
          <ShippingMethodCode>1</ShippingMethodCode>
          <StateOrProvince xsi:nil="true"></StateOrProvince>
          <Telephone1 xsi:nil="true"></Telephone1>
          <Telephone2 xsi:nil="true"></Telephone2>
          <Telephone3 xsi:nil="true"></Telephone3>
          <TimeZoneRuleVersionNumber xsi:nil="true"></TimeZoneRuleVersionNumber>
          <UPSZone xsi:nil="true"></UPSZone>
          <UTCOffset xsi:nil="true"></UTCOffset>
          <UTCConversionTimeZoneCode xsi:nil="true"></UTCConversionTimeZoneCode>
        </Address>
      </Addresses>
    </Publisher>
    <RootComponents>
      <RootComponent type="29" id="{49b61296-4e16-ec11-b6e7-000d3a8851c0}" behavior="0" />
      <RootComponent type="300" schemaName="dyn_app200controledescarte_72e1d" behavior="0" />
      <RootComponent type="300" schemaName="dyn_app200devolucaoentregas_3b2a6" behavior="0" />
      <RootComponent type="300" schemaName="dyn_app200entregasmotoboy_d848f" behavior="0" />
      <RootComponent type="300" schemaName="dyn_app200entregasmotoboy_e99a8" behavior="0" />
      <RootComponent type="300" schemaName="dyn_app200inspecaorecebimenyo_bbf1e" behavior="0" />
      <RootComponent type="300" schemaName="dyn_app200npt_a9721" behavior="0" />
      <RootComponent type="300" schemaName="dyn_app200pagamentostaxistas_82b1c" behavior="0" />
      <RootComponent type="300" schemaName="dyn_app200pcp_fcb6b" behavior="0" />
    </RootComponents>
    <MissingDependencies>
      <MissingDependency>
        <Required type="1" schemaName="cr725_dv200_cancelamentos" displayName="DV200_CANCELAMENTOS" solution="Active" />
        <Dependent type="300" schemaName="dyn_app200npt_a9721" displayName="APP200_NPT" />
      </MissingDependency>
      <MissingDependency>
        <Required type="1" schemaName="cr725_dv200_intervencoesfarmaceuticas" displayName="LF_NOME_USUARIO" solution="Active" />
        <Dependent type="300" schemaName="dyn_app200npt_a9721" displayName="APP200_NPT" />
      </MissingDependency>
      <MissingDependency>
        <Required type="1" schemaName="cr725_dv200_nptstatus" displayName="DV200_NPTSTATUS" solution="Active" />
        <Dependent type="300" schemaName="dyn_app200npt_a9721" displayName="APP200_NPT" />
      </MissingDependency>
      <MissingDependency>
        <Required type="1" schemaName="cr725_dv200_producaoturno" displayName="DV200_PRODUCAOTURNO" solution="Active" />
        <Dependent type="300" schemaName="dyn_app200npt_a9721" displayName="APP200_NPT" />
      </MissingDependency>
      <MissingDependency>
        <Required type="1" schemaName="cr725_dv200_reproducoes" displayName="DV200_REPRODUCOES" solution="Active" />
        <Dependent type="300" schemaName="dyn_app200npt_a9721" displayName="APP200_NPT" />
      </MissingDependency>
    </MissingDependencies>
  </SolutionManifest>
</ImportExportXml>