<environmentvariabledefinition schemaname="dyn_sharepoint">
  <apiid>/providers/microsoft.powerapps/apis/shared_sharepointonline</apiid>
  <displayname default="200 - Life - https://dynamicpoa.sharepoint.com/sites/200-Life">
    <label description="200 - Life - https://dynamicpoa.sharepoint.com/sites/200-Life" languagecode="1046" />
  </displayname>
  <introducedversion>1.0.0.0</introducedversion>
  <iscustomizable>1</iscustomizable>
  <isrequired>0</isrequired>
  <parameterkey>dataset</parameterkey>
  <type>100000004</type>
</environmentvariabledefinition>