<environmentvariabledefinition schemaname="dyn_shared_sharepointonline_00f7ba2741c94716b3054102b601607e">
  <apiid>/providers/microsoft.powerapps/apis/shared_sharepointonline</apiid>
  <displayname default="BD200_REGISTRODESCARTE">
    <label description="BD200_REGISTRODESCARTE" languagecode="1046" />
  </displayname>
  <introducedversion>1.0.0.0</introducedversion>
  <iscustomizable>1</iscustomizable>
  <isrequired>0</isrequired>
  <parameterkey>table</parameterkey>
  <parentdefinitionid>
    <schemaname>dyn_sharepoint</schemaname>
  </parentdefinitionid>
  <type>100000004</type>
</environmentvariabledefinition>