<environmentvariabledefinition schemaname="dyn_shared_sharepointonline_69af7f8192ec440baf50f93951bf43a5">
  <apiid>/providers/microsoft.powerapps/apis/shared_sharepointonline</apiid>
  <displayname default="BD200_ENTREGAS">
    <label description="BD200_ENTREGAS" languagecode="1046" />
  </displayname>
  <introducedversion>1.0.0.0</introducedversion>
  <iscustomizable>1</iscustomizable>
  <isrequired>0</isrequired>
  <parameterkey>table</parameterkey>
  <parentdefinitionid>
    <schemaname>dyn_sharepoint</schemaname>
  </parentdefinitionid>
  <type>100000004</type>
</environmentvariabledefinition>