<environmentvariabledefinition schemaname="dyn_shared_sharepointonline_023e9d76183d44f8ba65cc170feb9add">
  <apiid>/providers/microsoft.powerapps/apis/shared_sharepointonline</apiid>
  <displayname default="BD200_ASSINATURASDESCARTE">
    <label description="BD200_ASSINATURASDESCARTE" languagecode="1046" />
  </displayname>
  <introducedversion>1.0.0.0</introducedversion>
  <iscustomizable>1</iscustomizable>
  <isrequired>0</isrequired>
  <parameterkey>table</parameterkey>
  <parentdefinitionid>
    <schemaname>dyn_sharepoint</schemaname>
  </parentdefinitionid>
  <type>100000004</type>
</environmentvariabledefinition>